{"cameraMode":{"drawMode":0,"name":"Shaded","section":"Shading Mode"},"sceneLighting":true,"audioPlay":false,"sceneViewState":{"m_AlwaysRefresh":false,"showFog":true,"showSkybox":true,"showFlares":true,"showImageEffects":true,"showParticleSystems":true,"showVisualEffectGraphs":true,"m_FxEnabled":true},"in2DMode":false,"pivot":{"x":30.565322875976564,"y":0.3114933967590332,"z":48.642967224121097},"rotation":{"x":0.285491019487381,"y":0.15298298001289369,"z":-0.04621898755431175,"w":0.9449675679206848},"size":6.627715110778809,"orthographic":false}