{"cameraMode":{"drawMode":0,"name":"Shaded","section":"Shading Mode"},"sceneLighting":false,"audioPlay":false,"sceneViewState":{"m_AlwaysRefresh":false,"showFog":true,"showSkybox":false,"showFlares":true,"showImageEffects":true,"showParticleSystems":true,"showVisualEffectGraphs":true,"m_FxEnabled":true},"in2DMode":false,"pivot":{"x":-1.3635808229446412,"y":0.12533807754516602,"z":3.7029120922088625},"rotation":{"x":-0.15907596051692964,"y":-0.503470778465271,"z":0.09490194171667099,"w":-0.8439234495162964},"size":11.765275001525879,"orthographic":false}