{"cameraMode":{"drawMode":0,"name":"Shaded","section":"Shading Mode"},"sceneLighting":false,"audioPlay":false,"sceneViewState":{"m_AlwaysRefresh":false,"showFog":true,"showSkybox":false,"showFlares":true,"showImageEffects":true,"showParticleSystems":true,"showVisualEffectGraphs":true,"m_FxEnabled":true},"in2DMode":false,"pivot":{"x":3.8372607231140138,"y":3.9764413833618166,"z":2.98758602142334},"rotation":{"x":0.023958023637533189,"y":0.8835455775260925,"z":-0.045346103608608249,"w":0.4656381905078888},"size":0.8997951745986939,"orthographic":false}