{"cameraMode":{"drawMode":0,"name":"Shaded","section":"Shading Mode"},"sceneLighting":false,"audioPlay":false,"sceneViewState":{"m_AlwaysRefresh":false,"showFog":true,"showSkybox":false,"showFlares":true,"showImageEffects":true,"showParticleSystems":true,"showVisualEffectGraphs":true,"m_FxEnabled":true},"in2DMode":false,"pivot":{"x":232.2140350341797,"y":-209.2733917236328,"z":58.722190856933597},"rotation":{"x":0.10115943104028702,"y":0.7557892799377441,"z":-0.12027056515216828,"w":0.6356885433197022},"size":0.46925535798072817,"orthographic":false}