{"cameraMode":{"drawMode":0,"name":"Shaded","section":"Shading Mode"},"sceneLighting":true,"audioPlay":false,"sceneViewState":{"m_AlwaysRefresh":false,"showFog":true,"showSkybox":true,"showFlares":true,"showImageEffects":true,"showParticleSystems":true,"showVisualEffectGraphs":true,"m_FxEnabled":true},"in2DMode":false,"pivot":{"x":32.69194030761719,"y":-6.613467693328857,"z":53.45481491088867},"rotation":{"x":0.27303969860076907,"y":0.34647461771965029,"z":-0.10615760087966919,"w":0.8911501169204712},"size":18.673526763916017,"orthographic":false}