{"cameraMode":{"drawMode":0,"name":"Shaded","section":"Shading Mode"},"sceneLighting":true,"audioPlay":false,"sceneViewState":{"m_AlwaysRefresh":false,"showFog":true,"showSkybox":true,"showFlares":true,"showImageEffects":true,"showParticleSystems":true,"showVisualEffectGraphs":true,"m_FxEnabled":true},"in2DMode":false,"pivot":{"x":27.618968963623048,"y":-0.10663819313049317,"z":16.19411849975586},"rotation":{"x":-0.27664417028427126,"y":-0.3697871267795563,"z":0.11634032428264618,"w":-0.8793128132820129},"size":40.24159622192383,"orthographic":false}