{"cameraMode":{"drawMode":0,"name":"Shaded","section":"Shading Mode"},"sceneLighting":true,"audioPlay":false,"sceneViewState":{"m_AlwaysRefresh":false,"showFog":true,"showSkybox":true,"showFlares":true,"showImageEffects":true,"showParticleSystems":true,"showVisualEffectGraphs":true,"m_FxEnabled":true},"in2DMode":false,"pivot":{"x":31.69627571105957,"y":-0.13637065887451173,"z":41.27870178222656},"rotation":{"x":0.16586679220199586,"y":0.4288412630558014,"z":-0.08042978495359421,"w":0.884380578994751},"size":11.572813987731934,"orthographic":false}