{"cameraMode":{"drawMode":0,"name":"Shaded","section":"Shading Mode"},"sceneLighting":true,"audioPlay":false,"sceneViewState":{"m_AlwaysRefresh":false,"showFog":true,"showSkybox":true,"showFlares":true,"showImageEffects":true,"showParticleSystems":true,"showVisualEffectGraphs":true,"m_FxEnabled":true},"in2DMode":false,"pivot":{"x":46.188453674316409,"y":-3.9539027214050295,"z":47.18959045410156},"rotation":{"x":-0.29234129190444949,"y":-0.1124177798628807,"z":0.03462972491979599,"w":-0.9490591287612915},"size":11.080799102783204,"orthographic":false}