{"cameraMode":{"drawMode":0,"name":"Shaded","section":"Shading Mode"},"sceneLighting":false,"audioPlay":false,"sceneViewState":{"m_AlwaysRefresh":false,"showFog":true,"showSkybox":false,"showFlares":true,"showImageEffects":true,"showParticleSystems":true,"showVisualEffectGraphs":true,"m_FxEnabled":true},"in2DMode":false,"pivot":{"x":0.0020020303782075645,"y":1.0328625440597535,"z":0.00029494345653802156},"rotation":{"x":-0.012870718725025654,"y":-0.9700641632080078,"z":0.05273597314953804,"w":-0.2367659956216812},"size":1.0208879709243775,"orthographic":false}