{"cameraMode":{"drawMode":0,"name":"Shaded","section":"Shading Mode"},"sceneLighting":false,"audioPlay":false,"sceneViewState":{"m_AlwaysRefresh":false,"showFog":true,"showSkybox":false,"showFlares":true,"showImageEffects":true,"showParticleSystems":true,"showVisualEffectGraphs":true,"m_FxEnabled":false},"in2DMode":false,"pivot":{"x":2368.045654296875,"y":-594.1608276367188,"z":2838.76220703125},"rotation":{"x":-0.0002130524953827262,"y":-0.9826257824897766,"z":0.18581826984882356,"w":-0.0011897683143615723},"size":1.9949592351913453,"orthographic":false}