{"cameraMode":{"drawMode":0,"name":"Shaded","section":"Shading Mode"},"sceneLighting":false,"audioPlay":false,"sceneViewState":{"m_AlwaysRefresh":false,"showFog":true,"showSkybox":false,"showFlares":true,"showImageEffects":true,"showParticleSystems":true,"showVisualEffectGraphs":true,"m_FxEnabled":true},"in2DMode":false,"pivot":{"x":12.007519721984864,"y":12.607715606689454,"z":67.9896469116211},"rotation":{"x":0.17348872125148774,"y":0.38693735003471377,"z":-0.07437394559383393,"w":0.9025842547416687},"size":0.8660253882408142,"orthographic":false}