{"cameraMode":{"drawMode":0,"name":"Shaded","section":"Shading Mode"},"sceneLighting":true,"audioPlay":false,"sceneViewState":{"m_AlwaysRefresh":false,"showFog":true,"showSkybox":true,"showFlares":true,"showImageEffects":true,"showParticleSystems":true,"showVisualEffectGraphs":true,"m_FxEnabled":true},"in2DMode":false,"pivot":{"x":0.17358875274658204,"y":3.001110553741455,"z":8.967459678649903},"rotation":{"x":0.07211080193519592,"y":-0.3402402400970459,"z":0.026232941076159478,"w":0.937255322933197},"size":16.346202850341798,"orthographic":false}