{"cameraMode":{"drawMode":0,"name":"Shaded","section":"Shading Mode"},"sceneLighting":true,"audioPlay":false,"sceneViewState":{"m_AlwaysRefresh":false,"showFog":true,"showSkybox":true,"showFlares":true,"showImageEffects":true,"showParticleSystems":true,"showVisualEffectGraphs":true,"m_FxEnabled":true},"in2DMode":false,"pivot":{"x":0.7900269627571106,"y":1.0184814929962159,"z":4.692852973937988},"rotation":{"x":-0.2595689296722412,"y":-0.17869584262371064,"z":0.04894203692674637,"w":-0.9478208422660828},"size":2.6560940742492677,"orthographic":false}