{"cameraMode":{"drawMode":0,"name":"Shaded","section":"Shading Mode"},"sceneLighting":false,"audioPlay":false,"sceneViewState":{"m_AlwaysRefresh":false,"showFog":true,"showSkybox":false,"showFlares":true,"showImageEffects":true,"showParticleSystems":true,"showVisualEffectGraphs":true,"m_FxEnabled":true},"in2DMode":false,"pivot":{"x":-1.5033063888549805,"y":2.6374759674072267,"z":1.7405779361724854},"rotation":{"x":-0.08618689328432083,"y":0.47002851963043215,"z":-0.045941874384880069,"w":-0.8773817420005798},"size":23.45733642578125,"orthographic":false}